{
	"metadata":{
		"utc":"23/09/16 06:13:06.4",
		"startedTimestamp":"23/09/16 06:12:00.2",
		"stoppedTimestamp":"23/09/16 06:11:54.7"
	},
	"groups":[
		{
			"id":"THERMOCLINE CAMERA",
			"paused":true,
			"minimized":true,
			"rewindOnComplete":true,
			"events":[
				{
					"type":"MapCamera",
					"toPosition":[
						-77.37985,
						-88.16695,
						-194.9395
					],
					"toOrientation":[
						53.43141,
						4.980204,
						0
					],
					"toZoom":-1100
				},
				{
					"type":"MapCamera",
					"triggerTime":1.131373,
					"completeTime":4.884258,
					"toPosition":[
						-172.3199,
						-25.06742,
						-187.4062
					],
					"toOrientation":[
						28.89695,
						358.1496,
						0
					],
					"toZoom":-325.9281
				},
				{
					"type":"MapCamera",
					"triggerTime":4.89869,
					"completeTime":4.203701,
					"toPosition":[
						-214.1175,
						13.31287,
						-178.0861
					],
					"toOrientation":[
						11.12965,
						13.48942,
						0
					],
					"toZoom":-144.4719
				},
				{
					"type":"MapCamera",
					"triggerTime":8.950316,
					"completeTime":4.203712,
					"toPosition":[
						-205.275,
						13.80076,
						-149.2237
					],
					"toOrientation":[
						7.5,
						13.48942,
						0
					],
					"toZoom":-144.4719
				}
			],
			"hotKey":"0"
		}
	]
}